KEY,name
Location(4505927319552000),Arena Hallway
Location(4509875725926400),Keep Kitchen Storage
Location(4509974331916288),Giant Turtle
Location(4514173299982336),Great Northern Valley
Location(4514844928638976),Third Floor Landing
Location(4515975543128064),Combat site: Orc Prince
Location(4516845742194688),Tainted Jungle
Location(4516897327415296),Tomb of the Fallen
Location(4517876816150528),Mortachiani Highlands
Location(4519598845067264),Long Narrow Passage
Location(4522237236346880),Troll Cave
Location(4522881598095360),MGO's Weapon Roll Testing Room
Location(4525433985171456),Deep Jungle
Location(4525514647666688),North Cemetery
Location(4526915240591360),Drub'Lak Tribe Ogre Camp
Location(4527609808945152),Forgotten Altar
Location(4532035590291456),
Location(4535180153061376),Xaruk Forest
Location(4538703854698496),Dense Jungle
Location(4542490997161984),Northern Crags
Location(4543108142333952),Ferry
Location(4543383448322048),Reward Room
Location(4544979972128768),Long Hall 3
Location(4545027229614080),MGO's Item Spawner Room
Location(4550204267429888),Shrine of Papa's Spirit
Location(4550381602340864),Old Mine
Location(4553554777866240),Nortion Hills
Location(4554135707844608),Lower Stormcrag Mountains
Location(4554371022979072),Marcusville
Location(4555180137250816),Rat's Nest
Location(4557967676932096),Maelstrom
Location(4558049120354304),Embalming Room
Location(4558500787388416),Yondir Dock
Location(4562755466297344),
Location(4565181170450432),Forgotton Cave Entrance
Location(4565452399575040),Endless Tunnel
Location(4566930161139712),Large Wardrobe
Location(4567021807206400),Old Mine
Location(4567038813011968),Burning Wastes
Location(4568630826369024),Nakeen's Test Room2
Location(4568800104284160),Flooded Marsh
Location(4569513123381248),Arena Entrance
Location(4571571273334784),West Library
Location(4572325261344768),Alderai Trail
Location(4575050063151104),Stairs
Location(4575666044928000),Spider Nesting Site
Location(4579063346757632),Archmage's Quarters
Location(4580320541671424),Steaming Cave
Location(4585920951222272),Reward Room
Location(4589389035864064),Arena Hallway
Location(4590542854815744),Rolling Dunes
Location(4595472251486208),Safe House
Location(4597336033460224),Serpent Pit
Location(4600623388950528),Rocky Hill
Location(4605232224403456),Ratargul Swamp
Location(4607732636188672),Perigee Peak
Location(4607990200008704),Northeast Cemetery
Location(4610597649907712),Front Door
Location(4611092757086208),Potions Laboratory
Location(4612151846633472),Strange Room
Location(4615707669037056),Rocky Path
Location(4618088644345856),Strange Rock Formation
Location(4619217262346240),Troll Keep Altar
Location(4619684048535552),Testing Chamber 02
Location(4619890228985856),The Way
Location(4619891441401856),Magical Forest
Location(4620887873028096),Forest
Location(4622080312082432),Aseridith Fort Guardtower
Location(4625866026123264),Reward Room
Location(4630925128499200),Eerie Lake
Location(4634198741090304),Evergreen Trail
Location(4639225850363904),Aphelion Shrine Repository
Location(4641210425671680),Empty Room 2
Location(4641884412575744),Taelhollow Swamp Shrine
Location(4643429219041280),A Sense of Dread
Location(4649706850615296),Temple Entrance
Location(4650080137379840),Mortachiani Lake
Location(4654774264004608),Twilight Vault
Location(4657767691321344),Confiscation Station
Location(4662743332290560),The Fork
Location(4662926659026944),Aseridith Fort Guardtower Top
Location(4664531078348800),Concealed Tunnel
Location(4664650326605824),Reward Room
Location(4666566764920832),Marcusville Bridge
Location(4673239279206400),Merchant's Tent
Location(4674963365691392),Throne Room
Location(4675290055835648),Lizardfolk Marshland
Location(4680955232518144),Boggart Shrine
Location(4681852385755136),Myrmidon Training Quarters
Location(4682133618556928),Aseridith Fort Courtyard
Location(4682546134646784),Lower Crypt
Location(4682798056079360),Lavish Pavilion
Location(4682816811958272),Aseridith Fort Barracks
Location(4682977237794816),Secret Passage
Location(4683731928875008),Mineshaft
Location(4683772481503232),Castle Doorway
Location(4685631031607296),Well-Traveled Trail
Location(4686268414820352),Grand Study
Location(4687078457868288),Hallway to Pit Five
Location(4688520931180544),Sirian Outer Courtyard 2
Location(4688701899669504),Mini Wormhole
Location(4691376327884800),Fisherman's Ferry
Location(4692368319053824),Cinder Mountain Range
Location(4696875286396928),Old Mine
Location(4701732827299840),Nors Mountain
Location(4703217505009664),Dead Jungles
Location(4708530482839552),Feeder Stream
Location(4709712366403584),Mausoleum of Gol'Shlanek
Location(4712253156753408),Dense Jungle Shrine
Location(4713019464744960),
Location(4713395341492224),Reward Room
Location(4713648428154880),Jachum's Steps
Location(4713972258832384),Castle Barracks
Location(4714608241934336),Mystic Cave
Location(4714951546503168),Troll Dig
Location(4715378873729024),Upper Level
Location(4719177888169984),Forest Fire
Location(4719915504238592),Alderai Coast
Location(4720648400404480),Hallway
Location(4720654552662016),Arena Hallway
Location(4722354780372992),Emerald Isle
Location(4729303225073664),Kamil Cave Entrance
Location(4729741960544256),Russ gym
Location(4729971436421120),Winding Path
Location(4730559019876352),Gates of Doom
Location(4732909075300352),Strange Empty Room
Location(4736790432841728),Aseridith Fort West Beach
Location(4741759352963072),Cavern Mouth
Location(4742541412925440),Temple Ruins
Location(4744890697383936),Secret Tunnel
Location(4749318969884672),Savannah
Location(4750757815386112),Outer Gate
Location(4752155970109440),Ruined City
Location(4752439193894912),Mysterious Chamber
Location(4752576599818240),Cliffside Lookout
Location(4752720030597120),Altar of Destruction
Location(4754026470309888),Hallway Four
Location(4754470663880704),MGO's Mob Testing Room
Location(4756749855752192),Training Center
Location(4758723123216384),Fishing Boat
Location(4759477857288192),Locked Entrance
Location(4765507982983168),Troll Camp
Location(4765966608105472),Tomb Entrance
Location(4767886398717952),Aseridith Fort Tower
Location(4769608749809664),Tunnel Climb
Location(4770947488284672),Stony Creekbed
Location(4771182310064128),Dungeon
Location(4773937385308160),MGO's Test Area
Location(4776677523062784),Cyclopean Lair
Location(4783785698918400),Garbage Dump
Location(4785609382035456),Tunnel Climb
Location(4790552935792640),Pantry
Location(4793116924051456),Frosty's Domain
Location(4793581672071168),Tutorial
Location(4794925902200832),Aseridith Fort Gates
Location(4796640334708736),Toxic Swamp Outskirts
Location(4796969436577792),Debuff Instance End 3
Location(4800814537506816),Troll Tent
Location(4803555187752960),Sirian Knight's Armory
Location(4808425252847616),Aseridith Fort Church
Location(4808618326097920),Burial Site of The Ebon Raven
Location(4809336524111872),Basement Holding Cells
Location(4809500160688128),Keep Grand Hall
Location(4809820019359744),Spiralling Stairway
Location(4814153097412608),Reward Hallway
Location(4816270649720832),Arena Hallway
Location(4818460393603072),Castle Field
Location(4819347931660288),Hidden Room
Location(4819630356430848),Myrmidon Fort
Location(4821124364369920),Militia Storeroom
Location(4825357316521984),Shimmering Portal
Location(4831167037571072),Captain's Cell
Location(4831433256337408),Sahuagin Lagoon
Location(4834678305456128),High Road: Forest Lookout
Location(4835557142429696),Leniex Valley
Location(4839612771991552),Dev Land
Location(4844226355396608),Aseridith Island Docks
Location(4845275963195392),Sirian Blacksmith
Location(4848152773394432),Blazing Pit
Location(4848497063362560),Enchanted Forest
Location(4851296928530432),Burning Wastes
Location(4852746265559040),Bridge to Marcusville
Location(4852836756094976),Alderai Coast
Location(4855686986465280),Ruined Stairway
Location(4856993229570048),Church of the Shadows
Location(4857543114883072),Forest Encampment
Location(4858846937874432),Elven Grove
Location(4860057271664640),Toxic Swamp
Location(4861326027390976),Cliffside Coast
Location(4862839194124288),Mortachiani Cliff-face
Location(4866261078507520),Castle Stairwell
Location(4867564377210880),Vall'A Village
Location(4869118343774208),Tunnel Shaft
Location(4869547509415936),Hidden Room
Location(4870300701556736),Vyper's Test Area
Location(4874125034127360),Drow Entrydoor
Location(4875832497012736),Santa's Mountain
Location(4878355516096512),Priest's Chamber
Location(4878368132038656),Open Courtyard
Location(4878533102927872),Aseridith Keep Kitchen
Location(4879570511593472),Old Mine
Location(4880132893835264),Alteru's Imagination
Location(4883995022065664),
Location(4887533922025472),Tunnel Climb
Location(4888673191723008),Goblin Tent
Location(4889410303164416),Rough Tunnel
Location(4890621339762688),Rolling Dunes Shrine
Location(4891040691519488),Massive Crater
Location(4891495303741440),Artius Lane
Location(4891959017078784),Emerald Forest
Location(4895174123585536),Empty Room 3
Location(4895417871630336),Debuff Instance End 5
Location(4895729587847168),Old Mine
Location(4897592462278656),Servants Quarters
Location(4898631959183360),Herb Garden
Location(4898703714549760),Sheltered Cave
Location(4905123335897088),Xaruk
Location(4906519144431616),Tolst Creek
Location(4910863291252736),Bandit's Common Room
Location(4918619663761408),Hatchery
Location(4920778891460608),Vast Desert
Location(4921068011913216),Right Passage
Location(4921226304159744),Arena Hallway
Location(4922127197143040),Base Storeroom
Location(4922417546002432),Learning Grounds Cave
Location(4922705701765120),Stairwell
Location(4924288943783936),Volantis Arena
Location(4925241851641856),Winding River
Location(4927821140459520),Mausoleum Courtyard
Location(4929421640728576),Entrance
Location(4931718721306624),Broken Stone Structure
Location(4932267831984128),Troll Keep Smithy
Location(4933454961836032),Impure Jungle
Location(4933975157506048),Mausoleum of Gol'Shlanek
Location(4934850481487872),Master Bedroom
Location(4939142698106880),Great Goblin Fortress of Xaruk
Location(4940307421986816),abcdls chamber of happiness
Location(4942150822264832),Fourth Floor Landing
Location(4942631349518336),Winding Marsh
Location(4942707271139328),Aseridith Fort Courtyard
Location(4944554389667840),Hostage Suites
Location(4945141049065472),Bandit Fort Courtyard
Location(4945957375442944),The Void
Location(4946848728481792),Darkwood Trail
Location(4948836791353344),Dense Jungle
Location(4949919769296896),West Kyprite Ruins
Location(4951368334311424),Arena Hallway
Location(4953654496854016),Sirian Inner West Wall
Location(4957528278433792),OBSOLETE Goblin Tent
Location(4958687969935360),South Volantis Beach
Location(4963088191193088),Keep Servant's Quarters
Location(4966011023392768),Alderai Coast
Location(4967743391531008),Alchemist Quarters
Location(4970549930885120),Emerald Lake
Location(4976416520667136),Castle Library
Location(4979283929333760),Mineshaft
Location(4979321355632640),Sirian Inner Courtyard
Location(4979362051391488),Subterranean Beach
Location(4980129958985728),Guardian
Location(4983559590772736),Pasta's Test Area
Location(4987195898724352),Long Hallway
Location(4992990164811776),Horrific Mechanism
Location(4992992693190656),Secluded Spring
Location(4993608020131840),Feeding Chambers
Location(4993749247852544),Barracks
Location(4999024957980672),Gor'Grub Tribe Inner Camp
Location(5003031899013120),Lost Temple
Location(5004340018544640),Bloodletting Chamber
Location(5005307494268928),Red Cliff's Edge
Location(5005335471325184),Deathly Forest
Location(5006184487583744),Basement
Location(5010032827826176),Submerged Gate
Location(5012932313743360),Winding Marsh
Location(5014172941156352),High Road: Waterfall
Location(5017748168245248),Light Forest Trail
Location(5022757777571840),Split Road
Location(5022992950362112),Hallway to Pit Two
Location(5025418272309248),Hole in the Wall
Location(5026184656322560),MGO's Armor Roll Testing Room
Location(5027432209842176),Dense Forest
Location(5027687722909696),
Location(5028676472668160),Solid Doors
Location(5030142437228544),Descent
Location(5033469437542400),Narrow Passageway
Location(5035716904222720),Reward Hallway
Location(5036663742398464),Spider Nesting Site
Location(5037286042894336),The Darkwood
Location(5037373275504640),Long Hallway
Location(5038200582045696),A letter to the Misty Forest Goblin Leader
Location(5041259119116288),Arena Entrance
Location(5049097595125760),Niks Test Location3
Location(5050118708396032),Peach Grove
Location(5051742795857920),Gulchtop Fortifications
Location(5052322102116352),Strange Empty Room
Location(5053702472728576),Pavilion Courtyard
Location(5054881141882880),Gulchtop Climb
Location(5055024392044544),The Darkwood
Location(5056691190104064),Burning Wastes
Location(5058849023197184),Grave Marker
Location(5059145942433792),
Location(5064948719288320),The Darkwood
Location(5065774759673856),Orc Siege Camp
Location(5066064931061760),Sirian Guardtower
Location(5066885376245760),Lycan Territories
Location(5068160835518464),Glacial Temple Rework
Location(5071777772601344),Hallway
Location(5073501505454080),Old Mine
Location(5077011949158400),Underdark Ledge
Location(5077092523311104),Cathedral of the Spudfather
Location(5077797692243968),Burial Hall
Location(5079734325084160),Goblin Camp 3
Location(5084569214648320),Training Center
Location(5084833928708096),Troll Cave
Location(5084846481473536),Magical Forest
Location(5088480938950656),Kitchen
Location(5090658121678848),Misty Forest Goblin Camp
Location(5091279719366656),Aseridith Keep Kitchen
Location(5091294718722048),Troll Cave
Location(5092570659028992),Dark Passageway
Location(5093891984850944),Wet Tunnel
Location(5097344681115648),Arena Pit Four
Location(5098477256179712),Elven Grove
Location(5107539561938944),Nortion Grove
Location(5109983378145280),Troll Keep Storage
Location(5112563276185600),Derelict Kyprite Library
Location(5112642014281728),Calm Desert
Location(5115476184137728),Smoldering Mountain Peak
Location(5115504887857152),Spiralling Stairway
Location(5119380954284032),Ancient Tunnel
Location(5120374762110976),Second Floor Staircase
Location(5123362846408704),Hallway to Pit One
Location(5123510597058560),
Location(5123708616704000),Dev Landia
Location(5124605528768512),Atlas Trail Entrance
Location(5124980370571264),Arena Hallway
Location(5125020728688640),OBSOLETE Misty Cave Entrance
Location(5127686705905664),Sirian Outer South Wall
Location(5130593837776896),Red Cliffs
Location(5130714677248000),Rasheek Plains
Location(5133185606221824),Black Lord's Chambers
Location(5133665877360640),Arena Pit Three
Location(5135394614542336),Mountain Pass
Location(5138194007851008),Hidden Pass
Location(5138706927190016),Ancient Phoenix Battle
Location(5140503684186112),Troll Dig: Planning Room
Location(5142913545142272),Emerald Jungle
Location(5144264902180864),Shadowy Cavern
Location(5145039194030080),Black Vanguard Outpost
Location(5145738682564608),Underground Sea
Location(5147963085029376),Winding River
Location(5151329668300800),Eridis Island
Location(5153843429507072),Antique Shop
Location(5155067514585088),Wildeburn Forest
Location(5155868502917120),Dual Type Testing Arena
Location(5156159802572800),Training Center
Location(5157211167784960),Long Passage
Location(5157551064743936),Aseridith Keep Kitchen Storage
Location(5157785138364416),Kujir Marsh
Location(5158558446911488),Nubark Mountain
Location(5164176778461184),Undersea Grotto
Location(5164584575172608),Misty Forest
Location(5165326169800704),Nors Mountain Shrine
Location(5169038100004864),Grand Tree Arch
Location(5172614099632128),Emerald Jungle
Location(5172868979097600),Monster Graveyard
Location(5172874862133248),Sirian Outer West Wall
Location(5174341147033600),Xaruk Forest
Location(5175898320928768),Cinder Plains
Location(5178624356909056),The Darkwood
Location(5179062473457664),Kujir Marsh Entrance
Location(5180085843787776),Keep Entrance Hall
Location(5180093517266944),Sun Baked Canyon
Location(5180555280777216),Shadowfallen Northern Hills
Location(5183292001222656),Sewer Fork
Location(5184697803472896),Chamber of Starlight
Location(5185517074251776),Nomad Conclave
Location(5186966480224256),Hidden Room
Location(5188221879189504),Tower Of The Moon
Location(5188914373459968),Drake Cave
Location(5191466372825088),Steep Mountain Path
Location(5192139767021568),Training Center
Location(5193139333103616),Gram River
Location(5195262802264064),Mineshaft
Location(5196041382002688),Eastern Desert
Location(5199146446749696),Tower of Lords - 2nd Floor
Location(5200647423000576),Troll Cave
Location(5202013858037760),Cliffside Path
Location(5204405062205440),Moeh
Location(5205846171582464),Northern Spargus Gate
Location(5209573279399936),Long Hall 2
Location(5210032509026304),Underwater Passage
Location(5216082570772480),Grand Foyer
Location(5222156023889920),Ritual Site
Location(5227257375490048),Underwater Grotto
Location(5227600530112512),Keep Storage
Location(5227660768706560),Aseridith Farmland
Location(5227696990715904),The Land Of Nothing
Location(5229413180637184),Waiting Room One
Location(5232868968103936),Castle Grounds
Location(5234434534277120),Misty Mountains Basin
Location(5235459155296256),Underground Cave
Location(5236629128085504),Upper Crypt
Location(5237232271097856),OBSOLETE Steep Mountain Path
Location(5244214447439872),Debuff Instance End 4
Location(5247612090318848),Time-Out
Location(5249264850567168),Main Hall
Location(5253164749553664),Beached Ship
Location(5253289291546624),Shadowed Canyon
Location(5254277645729792),Secret Passageway 4
Location(5254671279063040),Old Mine
Location(5254780820652032),Shadowed Forest
Location(5260096210731008),Clear Overlook
Location(5262209627717632),Hidden Trail
Location(5262537041903616),Kujir Marsh
Location(5266136275091456),Guard Tower
Location(5268467657211904),Arena Pit
Location(5268675678961664),Mountainous Lookoff
Location(5268847954755584),Reward Room
Location(5276309991194624),Treasure Room
Location(5277126379175936),Debuff Instance End 2
Location(5279071746392064),Rolling Dunes
Location(5281305327042560),Large Cave Opening
Location(5282656086392832),Winding River Shrine
Location(5286485966192640),Oasis
Location(5287122461786112),Gor'Grub Chieftain's Tent
Location(5289379418865664),Pier
Location(5289920851607552),Cathedral Passageway
Location(5291874446737408),Mausoleum of Gol'Shlanek
Location(5294285612122112),Tunnel Climb
Location(5296596736540672),Upper Crypt
Location(5297402739425280),Endless Tunnel
Location(5298663794671616),Death and Taxes
Location(5305092788453376),Forest Clearing
Location(5305647756738560),The Drop
Location(5305761816641536),East Bridge
Location(5308807330660352),Pyramid Entrance
Location(5312228555227136),Aera Inn Basement - Middle
Location(5312945761288192),Eastern Desert
Location(5313663930204160),Arena Pit Two
Location(5313707255529472),Baron Cricketon's Lair
Location(5318078816583680),Stone Tower
Location(5318643904675840),Keep Treasury
Location(5319127061233664),Dense Jungle
Location(5319888028565504),Condemned Cave Entrance
Location(5319959529390080),Emerald Jungle
Location(5323223134633984),North Mountain Range
Location(5323424058572800),OBSOLETE Misty Forest Goblin Camp
Location(5325379218702336),Sirian Knight's Quarters
Location(5325435842330624),Guardian of the Core
Location(5326622602297344),Troll Cave
Location(5328988679438336),Tunnel Climb
Location(5330476979453952),Meteor Impact Site
Location(5330831291973632),
Location(5331082323951616),Strange Empty Room
Location(5331407216050176),
Location(5331701450407936),Large Crypt Room
Location(5332124236251136),
Location(5332203895521280),Raven Chapel
Location(5332609262944256),Aphelion Shrine Inner Sanctum
Location(5335151215378432),Cyrilla: Top Deck
Location(5343021269778432),Tower Entrance
Location(5343295379079168),Eridis Shores
Location(5344615680966656),Sirian Marketplace
Location(5345468984852480),Frozen Cavern
Location(5345871483895808),Apprentice Training Room
Location(5346483960545280),Arena Hallway
Location(5350034434686976),Mess Hall
Location(5354046048174080),Supply Room
Location(5354999749541888),Winding Marsh
Location(5355315370917888),Gol'Shlanek's Crypt
Location(5355404457934848),Church Basement
Location(5356285457334272),Aera Inn Basement - South
Location(5365099076255744),Keep Hallway
Location(5369435355348992),Lizardfolk Marshland
Location(5371268337500160),Mystic Temple Ruins
Location(5374351720841216),The Darkwood
Location(5378036750876672),Ancient Temple
Location(5379125472657408),Old Mine
Location(5381036013780992),Fort Black
Location(5381615790587904),Kyprite Castle Courtyard
Location(5381878680911872),Old Mine
Location(5382551514382336),Old Mine
Location(5387186786795520),Gnoll Village
Location(5388596895285248),Dragon's Pass
Location(5389255752286208),Arena Hallway
Location(5390229466775552),Sirian Outer Courtyard
Location(5390881838333952),Volantis River
Location(5391198642503680),OBSOLETE Misty Mountains Basin
Location(5392914917621760),Hidden Tunnel
Location(5395564370329600),Forest Fire
Location(5398439088619520),Canyon
Location(5399087797239808),
Location(5401345323958272),Old Steps
Location(5402374843924480),Kyprite Castle Walls
Location(5402915028074496),Old Mine
Location(5409986727378944),Gilded Passage Way
Location(5410655737217024),The Darkwood
Location(5411322747420672),Vampiric Hideout
Location(5412534060580864),Xaruk Forest
Location(5414272397475840),Servants Wing
Location(5415793401004032),Book Stand
Location(5422939977547776),Old Mine
Location(5423123405996032),Strange Empty Room
Location(5425105866850304),Troll Dig
Location(5428021293219840),Underwater Lagoon
Location(5428489900523520),Larvae Pit
Location(5428548292050944),Niks Test Location1
Location(5429776734486528),Unbound Quest Hall
Location(5433480876130304),Deep Sea
Location(5437646551646208),Aseridith Fort Tower
Location(5437912854298624),High Road
Location(5442810276741120),Desert Bluff
Location(5443293981704192),Rolling Dunes
Location(5444270617001984),Third Floor Staircase
Location(5446760539619328),Troll General's Quarters
Location(5450053300256768),Castle Kitchen
Location(5451246088486912),Testing Chamber 03
Location(5454343955808256),East Kyprite Ruins
Location(5456818943819776),Abandoned Castle
Location(5457132737003520),Sacrosanct Pathway
Location(5464246322200576),Skeleton Grave
Location(5465626376667136),Forest Fire
Location(5468411513798656),Leniex Mountain
Location(5469661702914048),Drub'Lak Chieftain's Tent
Location(5471573840494592),Aseridith Fort Inner Gate
Location(5471815967178752),Old Volantis Church Ruins
Location(5473101529743360),Old Mine
Location(5478083828121600),Sirian Guardtower 3
Location(5481971054018560),Bandit's Watch Tower
Location(5482641499357184),Kujir Marsh
Location(5483169413595136),Cathedral of Destruction
Location(5483341094584320),Burning Wastes
Location(5484053941714944),Aseridith Fort Guardtower
Location(5490011506475008),Charred Forest
Location(5490769058332672),Kayoak Village
Location(5490839199416320),Overgrown Path
Location(5491706395885568),Nomad Soldiers' Camp
Location(5493588075479040),Dark Wood Pass
Location(5498317707935744),Dense Mangroves
Location(5498766890106880),Lost Sea
Location(5501933642579968),North Bridge
Location(5503932574466048),Labyrinth Entrance
Location(5505750257893376),Hilgadas Castle North
Location(5506034097717248),Arena Pit Two
Location(5508867374448640),Castle Closet
Location(5510739426541568),Castle Gatehouse
Location(5512146850938880),Ferry
Location(5513622415736832),Hidden Room
Location(5514354200150016),PCA Combat Location
Location(5528694259974144),Training Center
Location(5529902163951616),Grand Forest 1
Location(5532894400872448),Volantis Arena
Location(5537766423396352),Reward Room
Location(5542797626572800),Alteru's Sphere of Influence
Location(5543234394652672),Pet Cemetery
Location(5543666814812160),Hidden Room
Location(5544079970795520),Arena Pit
Location(5545597353852928),Fight Club
Location(5547869344366592),Ron's Test Area
Location(5547983691579392),Hermit's Dark Basement
Location(5549152453787648),Smoldering Mountain
Location(5549729958330368),Il'Kalet's Haven
Location(5549972914176000),Troll Dig: Guard Station
Location(5552716535300096),Keep Hallway 3
Location(5554420198146048),Gulch Valley Skirmish Lines
Location(5557842132336640),Xaruk Forest
Location(5558112463355904),Eridis Peak
Location(5560262966902784),Shadowy Steppe
Location(5562316314640384),Troll Cave: Tunnel
Location(5563011707174912),Emerald Isle Shores
Location(5563789273726976),Debuff Instance End 7
Location(5566908544319488),Drider Spawning Ground
Location(5570836760100864),Rolling Dunes
Location(5571923752779776),Pile of Clubs
Location(5576958964400128),Canyonside Plains
Location(5577212366422016),Underground Shelter
Location(5579254207610880),Troll Dig
Location(5581553321115648),Orc Outpost
Location(5582269139910656),The Trident
Location(5587853421838336),Hidden Room
Location(5591850205315072),
Location(5594033394548736),Wall of History
Location(5594756973854720),Ancient Cave
Location(5597571172532224),Arena Hallway
Location(5600247461969920),Sirian Outer Gate
Location(5604701584228352),Crypt
Location(5607707870494720),Test Combat
Location(5609234612092928),Sealed Door
Location(5610315319345152),Wide Hall Stairway
Location(5611288579538944),Arena Pit Four
Location(5612169386262528),Tomb Center
Location(5612935488995328),North Kyprite Ruins
Location(5614891524161536),Small Creek
Location(5617141539667968),Throne Room
Location(5628815342829568),Hallway Two
Location(5632197159026688),Mysterious Tunnel
Location(5633275214168064),Troll Keep Entryway
Location(5633319498678272),Orcish Outpost
Location(5634233376702464),Kujir Marsh
Location(5634325495676928),Arena Hallway
Location(5634472569470976),Grand Mountain Summit
Location(5634801146003456),Mysterious Yurt
Location(5638699607916544),Aseridith Knights' Quarters
Location(5639445604728832),Aera Swamplands
Location(5640312605114368),Tunnel Climb
Location(5640616411398144),Black Vanguard Outpost Outskirts
Location(5642427740192768),Hidden Ancient Tunnel
Location(5643067688222720),Battle Arena
Location(5644261414404096),Sirian Inner Gate
Location(5644550022365184),Kujir Marsh
Location(5646574052966400),Sirian Keep Gates
Location(5646814795005952),Castle Stables
Location(5649391675244544),Aera Countryside
Location(5649584842342400),Forest Fire
Location(5652472407785472),Lycan Tribe Village
Location(5654313976201216),Desert
Location(5655216743514112),Pharoah's Chamber
Location(5656414564909056),Aphelion Shrine Archives
Location(5656451226009600),Lookout Point
Location(5662689410154496),Kamil Drop
Location(5662987243225088),Lizardking Hideout
Location(5664073469394944),Aseridith Keep Grand Hall
Location(5668612348575744),Infested Tunnel
Location(5670665024176128),Cricketon Cave
Location(5671021646708736),Kamil Cave
Location(5671707636924416),Castle Landing
Location(5673911542874112),Combat Arena
Location(5675972573003776),vulv_Training Grounds
Location(5683550997708800),Frigid Stream
Location(5683997762387968),Fisherman's Ferry
Location(5687441444831232),Eridis Forest
Location(5688387279257600),Aseridith Fort Outer Southern Walls
Location(5689576630779904),Immense Cavern
Location(5691920898588672),Tunnel Climb
Location(5691962943864832),Arena Hallway
Location(5692921714049024),Old Mine
Location(5693783064707072),Hermit's Dark Basement
Location(5694096832200704),Winding River
Location(5694423706894336),Troll Cave
Location(5698166736289792),Rakken Den
Location(5698410589978624),Caru Hill
Location(5698451486539776),Aseridith Fort Garrison
Location(5700939346345984),Ornate Keep Hallway 2
Location(5703004724658176),Spectral Marsh
Location(5703686190006272),Instance Combat Location
Location(5704313116557312),High Road: Lake
Location(5708064839696384),Myrmidon Catacombs
Location(5709053514219520),Arena Pit
Location(5709056673054720),Eridis Forest
Location(5709261556416512),Winding River
Location(5710106524123136),Dense Jungle
Location(5710903200710656),Sirian Inner Blacksmith
Location(5711399456342016),Instance3
Location(5711457763721216),Militia Training Room
Location(5711866590658560),Troll General
Location(5713326673231872),Jagged Steps
Location(5715039564595200),Secret Passageway
Location(5716522099015680),Ocean Cell
Location(5719314053464064),Hidden Room
Location(5721210795065344),High Security Ignus Base
Location(5723021814267904),Marble Entryway
Location(5723149379305472),Citadel of Marcus
Location(5723273719709696),Shallow Pool
Location(5724726391734272),
Location(5730683158790144),Charred Cavern
Location(5732417268613120),Lizardking Den
Location(5735665915396096),Training Center
Location(5736887291740160),Logging Camp
Location(5737997062373376),Protector Cell
Location(5738689586528256),Tunnel Collapse
Location(5739833078579200),vulv_Phallusade
Location(5740053025783808),Dungeon Passageway
Location(5741004118294528),Hidden Cave
Location(5741559626858496),Raven Training Grounds
Location(5742678433071104),[CODE] Tester skester
Location(5746501987860480),Storage Lockup
Location(5751995098988544),Ornate Keep Hallway
Location(5754822370263040),Sirian Outer East Wall
Location(5755749009457152),Aseridith Keep Hallway
Location(5757649010294784),North West Hills
Location(5757922056339456),Dining Hall
Location(5759229693526016),Troll Cave
Location(5760751882993664),Abandonded Tribal Camp
Location(5760946882740224),Sacred Burial Chamber
Location(5762202513965056),Tower Rooftop
Location(5769748184301568),Emerald Jungle
Location(5770880545718272),vulv_Academy Gate
Location(5777231648391168),Rolling Dunes
Location(5779535989047296),Death Row
Location(5780588036620288),Derelict Church
Location(5789655459168256),Misty Cave Entrance
Location(5791764549992448),Vall'A Cliffsides
Location(5794476071059456),New Troll Cave
Location(5795209352314880),Upstairs
Location(5795533897859072),Arena Pit
Location(5796310611656704),Coral Reef
Location(5797029397135360),Emerald Jungle
Location(5802924630605824),Reward Room
Location(5806063024603136),Black Forest
Location(5807021387415552),Old Mine
Location(5812864082247680),Castle Entrance
Location(5813783324262400),Winding Marsh
Location(5815082709680128),Ancient Tunnel
Location(5815605253111808),Reward Room
Location(5815728761995264),The Temple Of Doom
Location(5816090043088896),Crypt Entrance
Location(5816308691632128),Queens Chambers
Location(5816629379727360),Santa's House
Location(5817171396526080),Shrine of Na'Kareth
Location(5820229883527168),Arena Hallway
Location(5820272351641600),General's Quarters
Location(5821951737593856),Darkwood Trail
Location(5822375170932736),Core of Smoldering Mountain
Location(5822583015997440),Tomb of Gol'Shlanek
Location(5823413080817664),Troll Keep
Location(5824724265336832),Long Hall 1
Location(5824785070424064),Leader's Quarters
Location(5825398154723328),Arena
Location(5827145576218624),Grand Forest 3
Location(5830034763808768),Aseridith Fort Sorcerers' Quarters
Location(5830085198479360),Arena Hallway
Location(5833351030112256),Aera Inn Basement - North
Location(5834038526345216),Winding Stairway
Location(5834160988225536),Reward Hallway
Location(5839259944615936),Castle Basement
Location(5839320097226752),Hidden Pass
Location(5840939502272512),Rolling Dunes
Location(5842926911356928),Winding River
Location(5848363793121280),Underground Stream
Location(5848428215271424),Village of the Druids
Location(5848481024966656),The Labyrinth
Location(5851649117519872),Forest Path
Location(5854320235118592),Xaruk Forest
Location(5855652429168640),Castle Interior
Location(5855864457527296),Aphelion Shrine Sanctum
Location(5855928267046912),Carved Tunnel
Location(5857214291509248),The Darkwood
Location(5857622832971776),City Outskirts
Location(5860146257854464),NJ Test Boss
Location(5862164373962752),An Underground Cavern
Location(5864787506364416),Spider Cave Tunnels
Location(5868511773065216),Tomb of Gol'Shlanek
Location(5871040932872192),Reward Hallway
Location(5871393041285120),Dry Bone Valley
Location(5878764641714176),Museum of Marcus
Location(5885099774312448),Nakeen's Test Room1
Location(5888182591684608),Test Collectable Parent
Location(5891198245404672),Arena Pit
Location(5895074189672448),Ferry
Location(5896838059655168),Rocky Hill
Location(5897906640912384),Troll Cave Entrance
Location(5898468364648448),Impact Site
Location(5900752649191424),Entrance to Militia Headquarters
Location(5901629580640256),Empty Room 1
Location(5902676069449728),Hidden Staircase
Location(5903223313399808),Keep Hallway 2
Location(5905412910219264),Mortachiani Mountain Peak
Location(5907800929075200),Nik's Cut-Through
Location(5908208107388928),Combat site: Hydra
Location(5909134097514496),Second Floor Landing
Location(5910834947031040),Old Tunnel
Location(5911244389482496),Massive Cavern
Location(5917286154108928),Tunnel Climb
Location(5918123464589312),Granite Passage
Location(5922422976937984),Elven Grove
Location(5925028669947904),Militia Entrancehall
Location(5926931222495232),Throne Room
Location(5928176714776576),Tunnel Climb
Location(5930570520985600),The Darkwood
Location(5930610346426368),Hidden Passage
Location(5933810929631232),Sirian Outer Unmarked House
Location(5934844607463424),Keep Kitchen
Location(5934960010592256),Lost Sea
Location(5935058894454784),Gate Ruins
Location(5937301674262528),The Darkwood
Location(5940601584353280),Lost Sea Shore
Location(5942116728438784),Death Valley
Location(5943675035058176),Aseridith Fort Marketplace
Location(5946849521565696),Arena Pit
Location(5947260731129856),Kayoak Outskirts
Location(5950401020952576),Lizardking Cell
Location(5951574616047616),Goliath Gulch Descent
Location(5952009308471296),Testing Chamber 05
Location(5953545588703232),South Kyprite Ruins
Location(5954978829041664),Elven Grove
Location(5961128701591552),Reward Room
Location(5963670924296192),Northern Volantis Coastline
Location(5963850839228416),Mortachiani Mountainside
Location(5965446383665152),Secret Passageway 3
Location(5965801278406656),Black Mountain
Location(5966051843506176),A Dark Gate Entrance
Location(5966873809125376),Common Area
Location(5967326629330944),Spider Cave Cavern
Location(5968272768368640),Tunnel Fork
Location(5972680490614784),Crypt
Location(5974674766823424),Aseridith Fort Guardtower
Location(5975805626679296),The Captains Office
Location(5976692956856320),Secret Passageway 2
Location(5976852092420096),Winding Marsh
Location(5978911666339840),Fortress Entrance
Location(5984081901780992),Troll Dig
Location(5985957178507264),Kayoak Marsh
Location(5988277165228032),Tunnel Climb
Location(5988384476758016),Black Vanguard Army Test
Location(5989522382258176),Deep Emerald Jungle
Location(5993303047143424),Forest Trail
Location(5993355440291840),Shore Cave Entrance
Location(5994813902028800),Ancient Tomb Entrance
Location(5998194032902144),Sirian Guardtower 2
Location(6000580091707392),Eastern Desert
Location(6002547550846976),Nakeen Test Arena Hallway
Location(6002887601684480),Aseridith Fort Secret Passage
Location(6003280660398080),Cathedral Grand Hall
Location(6004037778407424),Troll Caves
Location(6004484656332800),Orc Camp
Location(6008642717351936),Long Hall 4
Location(6010500529782784),High Road: Swampland
Location(6010831181971456),Cricketon Cave Entrance
Location(6011215039954944),Weathered Road
Location(6014266919878656),Coastline 2
Location(6015068596600832),Selene Plateau
Location(6016207203598336),Reward Room
Location(6018852616929280),Secret Passage
Location(6021008570187776),
Location(6024513825538048),Hallway to Pit Three
Location(6025776573972480),Strange Empty Room
Location(6029236821295104),Volantis Docks
Location(6030336146276352),Burial of Deimos
Location(6031623049183232),Arena Hallway
Location(6032842918199296),Ignus Training Room
Location(6033057970126848),Darkwood Trail
Location(6033592878628864),Mountain Plains Shrine
Location(6035026755452928),Deep Emerald Jungle
Location(6040093736304640),Militia Training Room
Location(6041514953146368),Forbidden Forest
Location(6043411645726720),Camwin's Backyard
Location(6044610405072896),Taelhollow Swamp
Location(6047192050565120),Combat site: Orc Prince
Location(6051842547253248),Arena Hallway
Location(6052839970832384),Hilgadas Castle East
Location(6056276392148992),Sunken Ruins
Location(6057435877343232),Reward Room
Location(6058118315245568),The Den of a Fallen Beast
Location(6060000365510656),Ornate Passageway
Location(6061716843528192),Lost Sea
Location(6062193298636800),Wasteland Overlook
Location(6062382437629952),Hobgoblin Warmonger's Tent
Location(6062991287517184),Deep Emerald Jungle
Location(6063976345501696),Hobgoblin Tribe Campsite
Location(6067293019176960),Eerie Glade
Location(6068142874296320),vulv_Monster Dungeon
Location(6068531256360960),Winding Marsh
Location(6070019941728256),Mine Cart 1
Location(6071858521178112),Tunnel Construction
Location(6073730381905920),Training Center
Location(6074183505149952),The Black Rift
Location(6074901505507328),Drow Vault
Location(6074912527876096),Debuff Instance End 10
Location(6078391494115328),Windy Expanse
Location(6078605499301888),Nakeen's Test Room3
Location(6079158806904832),Darkwood Trail
Location(6079554403696640),Sirian Inner East Wall
Location(6081417385869312),Arena Pit One
Location(6085761033043968),Raven Burial Site
Location(6086014583439360),Myrmidon Trail
Location(6086171007909888),Mysterious Tunnel
Location(6091971231219712),Darkwood Trail
Location(6092789555134464),Worn Road
Location(6092915968835584),Sacrificial Chambers
Location(6096234356146176),Eerie Lake Shore
Location(6096717938163712),Seaside Landing
Location(6096848884334592),Guard Tower
Location(6097270970253312),Cavern Lowlands
Location(6097569478344704),Golden Hollow
Location(6098789539512320),Troll Keep
Location(6100482340159488),Goliath Gulch Basin
Location(6102988783616000),Hallway to Pit Four
Location(6108023267524608),Deep Jungle
Location(6110365987373056),Orc Throneroom
Location(6111182702772224),Hollow Forest Walk
Location(6111874378104832),Darkwood Trail
Location(6118162982502400),Cathedral of Night
Location(6118406474694656),Endless Tunnel
Location(6118954053402624),Kings Chambers
Location(6119509349367808),vulv_Armory
Location(6121862960513024),Battlefields
Location(6123396480892928),Troll Dig
Location(6124874771726336),Warchief's Command Center
Location(6126263647600640),Reward Room
Location(6128325270437888),Dark Corridor
Location(6130580583874560),Winding Stairway
Location(6130757089361920),Arena Main Hub
Location(6131812940120064),Spooky House
Location(6132749391888384),Crypt Entrance
Location(6135225797574656),Icy Crevice
Location(6136783671656448),Testing Chamber 01
Location(6137649383866368),Hell
Location(6139491171434496),Fort Black: Panic Room
Location(6144503274536960),Kobold Settlement
Location(6145774217854976),Austere Hallway
Location(6146845642326016),Crypt Entrance
Location(6149655664001024),Bandit's Armory
Location(6153253135319040),Entrance Hall
Location(6154168545050624),Armory
Location(6157985310572544),Ancient Monster Graveyard
Location(6161360358473728),Dark Room
Location(6164385145290752),Dark Passage
Location(6166816767344640),Smoldering Mountain Ascent
Location(6166932471939072),Hallway
Location(6166964233830400),Old Mine Entrance
Location(6167875989012480),Forest
Location(6170397215031296),Forest Clearing
Location(6171154488229888),Burning Wastes
Location(6174236932571136),Aseridith Fort North Beach
Location(6175040815497216),Glowworm Cavern Passage
Location(6176624057253888),Gor'Grub Chieftain's Tent
Location(6177538387214336),Militia Barracks
Location(6180064303775744),Black Vanguard Camp Center
Location(6183638161948672),Cleared Path
Location(6187675022262272),Upper Level Lookout
Location(6189667690479616),Dead End
Location(6189750705717248),Troll Keep Sarcophagus
Location(6191236580900864),"Sneakdom, Reach Unending"
Location(6192307049332736),Hidden Staircase
Location(6196749400276992),Spectral Marsh
Location(6200083758710784),Lagoon's Descent
Location(6200092109570048),Instance2
Location(6200435167199232),Bandit's Lair Entrance
Location(6202368401604608),Coastline
Location(6204429643546624),Thorny Thicket
Location(6206022230212608),Sewer Tunnel
Location(6206475493965824),Aseridith Fort South Beach
Location(6207620016242688),Crumbling Gate
Location(6211039030935552),Aseridith Fort Outer Eastern Walls
Location(6214821817352192),Kamil Cavern
Location(6215675825094656),Execution Chamber
Location(6215703549968384),Blood Cattle Jail
Location(6215834292715520),Orc Camp
Location(6215992573427712),Fourth Circle of Hell
Location(6216376333107200),Troll King Cell
Location(6218239315279872),Black Vanguard Outpost: Command Center
Location(6220002709471232),OBSOLETE Misty Mountain Pass
Location(6224100074192896),"Kypros, the Forgotten Kingdom"
Location(6224690133860352),
Location(6225855610093568),Troll King's Quarters
Location(6226431107923968),Mine Cart 2
Location(6227591015432192),Secluded Waterfall
Location(6227676311846912),Barbarian Camp
Location(6229893146214400),Sacrificial Bar And Grill
Location(6230329764872192),Tops
Location(6231380530823168),High Road: Ogre Pass
Location(6232992473415680),Combat Site: Razor Flytrap
Location(6236159440060416),Sandy Desert Pass
Location(6237487269150720),abcdls second chamber of happiness
Location(6241705674407936),Black Vanguard Camp Outskirts
Location(6246844653109248),Bloody Battlefield
Location(6247590374932480),Volantis Countryside
Location(6248509229498368),High Road: Waterfall Clearing
Location(6249830075596800),Ninth Circle of Hell
Location(6253413332942848),Tomb of Gol'Shlanek
Location(6253812801077248),Sewer Tunnel
Location(6254263248617472),Debuff Instance End 9
Location(6254417368317952),Ethereal Prison
Location(6255055358394368),Nomad Camp Commons
Location(6255161906823168),Nakeen Boss Lobby
Location(6255519904301056),Blood Forest
Location(6258957962444800),Xaruk Forest
Location(6264460408258560),Fishing Boat 2
Location(6265261703823360),Seafall
Location(6265620614348800),abcdls TESTING ROOM
Location(6266011277852672),test frosty
Location(6266212415700992),Side Passage
Location(6271322019856384),Learning Grounds
Location(6273947297382400),OBSOLETE Leader's Quarters
Location(6275014248890368),Debuff Instance End Boss
Location(6275924844085248),Emerald Jungle
Location(6276748270370816),Aphelion Shrine
Location(6278529125974016),Glacial Temple: Eternal Hallway
Location(6280283730477056),Aphelion Shrine Interior
Location(6280794557644800),Reward Room
Location(6281921692172288),Unbound Training Room
Location(6281973190361088),Sewer Tunnel Entrance
Location(6282071481778176),Aseridith Fort Inner Eastern Wall
Location(6283085911425024),Combat site: Frost Giant Shaman
Location(6283395406495744),Merchant's Tent Interior
Location(6285907986481152),Aseridith Keep Dungeon
Location(6286600254259200),Sahuagin Outpost
Location(6286945395146752),Old Mine
Location(6291645965795328),Fake Marcusville Starting Point
Location(6293631388614656),SPF Raid Boss
Location(6293882619822080),Summoning Chamber
Location(6293969749147648),Danger Desert
Location(6294339986653184),Mass Crypt
Location(6295812922408960),Eastern Desert
Location(6298913263321088),Fisherman's Ferry
Location(6303104471400448),Old Mine
Location(6304554086039552),Hidden Path
Location(6304876738904064),Terlunn Ruins
Location(6312520429600768),Rocky Hill
Location(6317216115195904),Kyprite Temple
Location(6317536905789440),Aseridith Fort Secret Passage
Location(6317865015967744),Crystalline Caverns
Location(6317989675139072),Sea Cave
Location(6318243394617344),Descent
Location(6319154247237632),Rolling Dunes
Location(6319283330088960),Grand Forest 2
Location(6320860490104832),Observatory
Location(6322008249860096),Castle Keep
Location(6333156464001024),Fort's Luxurious Chambers
Location(6341317651070976),Entrance Hall
Location(6342061314015232),Instance1
Location(6343937617821696),Armory
Location(6344048805150720),Strange Servants Quarters
Location(6346252545425408),Sirian Inner Blacksmith Basement
Location(6346726843613184),Old Mine
Location(6347799369089024),Sewer Bend
Location(6350397415882752),Wave Pool
Location(6354138405273600),Notice Board
Location(6356537624756224),Aseridith Keep Gates
Location(6360201016377344),Stalagmite Cavern
Location(6366052439293952),Glacial Temple: Core Chamber
Location(6367151093186560),Instance Start
Location(6373434477248512),Xaruk Forest
Location(6378969398247424),Frozen Chamber
Location(6383563180343296),Hidden Alcove
Location(6387411726630912),Alderai Trail
Location(6399981554499584),Sand Worm Cell
Location(6401380170334208),Aseridith Fort Outer Western Walls
Location(6402008915640320),Kayoak Village Ascent
Location(6406519973478400),Old Kayoak Church
Location(6407358202249216),Gloomy Descent
Location(6412108060164096),Lost Sea
Location(6412814696841216),Xaruk Outskirts
Location(6413200795107328),Kayoak Fields
Location(6415179777572864),Dried Lakebed
Location(6415820758450176),Musty Dungeon
Location(6415851780046848),Damp Tunnel
Location(6421058082045952),Combat site: Orc Prince
Location(6422496643383296),Hidden Passage
Location(6423272366276608),Passage Fork
Location(6424505056755712),Alteru's Arena
Location(6426849307787264),Main Corridor
Location(6429358555136000),Eastern Desert
Location(6430490084507648),Darkwood Trail
Location(6430890083221504),Dense Jungle
Location(6436691348291584),Cliff-side Trail
Location(6437181298049024),Keep Hallway 4
Location(6437722859241472),Strange Empty Room
Location(6438584894619648),MGM Grand
Location(6439113737109504),Deep Emerald Jungle
Location(6444275399131136),Cricketon Battle
Location(6447747551461376),Mine Cart Start
Location(6448316511944704),Niks Test Location4
Location(6448560694624256),Black Vanguard Camp
Location(6451896701419520),Misty Mountain Pass
Location(6452473855213568),Troll Dig
Location(6452474611761152),Forest Trail
Location(6456087334092800),Rolling Dunes
Location(6456151801856000),Gnoll Slave Camp
Location(6459032935071744),Grand Room
Location(6461666749579264),Debuff Instance End 11
Location(6462885076664320),Reward Room
Location(6463123390726144),Cave
Location(6471688447328256),The Tomb
Location(6473361068130304),The Grimoire
Location(6475440403513344),Chapel Combat Room
Location(6475699447136256),Dernhelm Basin Lookout
Location(6477065496821760),Fort Black: Throne Room
Location(6477636801134592),Deserted Room
Location(6479938689957888),Sapphire Way
Location(6482245036802048),Aseridith Secret Staircase
Location(6483513767362560),Winding River
Location(6483610526285824),Glacial Temple
Location(6491840832864256),Trail Head
Location(6493907437223936),Claw Marked Crevice
Location(6494237925310464),Keep Storage 2
Location(6495208090894336),Eridis Climb
Location(6496688202317824),Gloomy Descent
Location(6498136254054400),Aseridith Fort Warehouse
Location(6502048896122880),Mortachiani Valley
Location(6503793394974720),Lizardfolk Marshland
Location(6503797166702592),NJ Test Shrine
Location(6503818344792064),The Black Rift
Location(6507841346076672),Narrow Stairway
Location(6508451421224960),Old Mine
Location(6508838653001728),Depraved Wilds
Location(6509379081732096),North Mountain Range Stone Tower
Location(6510382176272384),Kobold Camp
Location(6516437776072704),Cavern Atrium
Location(6516680261894144),Church Door
Location(6517077053800448),Left Passage
Location(6519200453492736),Tunnel Climb
Location(6519823672803328),The Depths
Location(6519881741631488),McLeod Family Vault
Location(6519992925814784),Northern Waterfall
Location(6521777110908928),Artius River
Location(6522286975221760),Vault Entrance
Location(6526462635016192),Old Mine
Location(6527010146877440),Combat Site: Shadow of a Behemoth
Location(6530123043438592),Knights Quarters
Location(6530427779022848),Mountain Plains
Location(6530887495974912),Normal Combat Location
Location(6533289986228224),Goliath Gulch
Location(6534321435312128),Sand-Swept Valley
Location(6543544094818304),Fishing Boat 3
Location(6547794064310272),Flooded Marsh
Location(6548825284018176),Epic Battle Site
Location(6548937896886272),Old Cemetery Entrance
Location(6551743882330112),Halissa Forest
Location(6553692358836224),Kyprite Castle Exterior
Location(6555136169082880),Long Hallway
Location(6558996028194816),Tomb of Gol'Shlanek
Location(6559762615369728),Old Mine
Location(6563390277287936),Castle Courtyard
Location(6565922299445248),Crystal Cave Pool
Location(6568066802515968),Sirian Outer Mine Entrance
Location(6568072999075840),Forsaken Ruins Entrance
Location(6568271178891264),Mine Cart 3
Location(6569181374316544),Frozen Squeeze
Location(6571210251960320),Hidden Pass
Location(6571276102533120),East Library
Location(6576470182854656),Tomb Treasure Room
Location(6583792934322176),Aseridith Fort Inner Western Wall
Location(6585835595497472),Dutchmans Basement
Location(6586834871123968),Rundown Desert Town
Location(6589065205907456),Crypt Hub
Location(6596617597616128),Keep Treasury 2
Location(6601784795070464),Aseridith Prison Cells
Location(6605352686059520),vulv_High Road
Location(6607074943303680),Sand-Swept Plains
Location(6608541406199808),Kujir Marsh
Location(6612503347855360),Ogre Pass Tower
Location(6615188136525824),Family Burial Grounds
Location(6615857679040512),Gulch Valley Training Grounds
Location(6616118777348096),Nakeen's Test Room4
Location(6616739106258944),Northern Hills
Location(6620819140116480),Underwater Passage
Location(6621595326218240),Reward Hallway
Location(6624413564272640),Arena Pit
Location(6626420507803648),Old Mine
Location(6632273700978688),Canyon Cave Entrance
Location(6633339873132544),First Floor Staircase
Location(6636087694327808),Arena Hallway
Location(6638873742409728),Aseridith Commander's Quarters
Location(6641283818323968),Rocky Hill
Location(6644088722948096),Strange Empty Room
Location(6645239480582144),Training Grounds
Location(6646234595983360),Portal Room
Location(6647327326470144),The Cloud
Location(6648810576543744),Niks Test Location2
Location(6650066421153792),Kamil Descent
Location(6650627125411840),Fleet Training Room
Location(6652458455531520),Aseridith Fort Warehouse
Location(6652612632117248),Aseridith Secret Laboratory
Location(6652664385634304),Desolate Wasteland
Location(6652731058028544),Dense Jungle
Location(6653464683741184),Winding River
Location(6659883848171520),Hallway Three
Location(6661507124822016),Drub'Lak Chieftain's Tent
Location(6662145816657920),Goliath Gulch Fork
Location(6664887786799104),High Road: Forest
Location(6673370652344320),Nomad Conclave
Location(6674999641636864),Arena Pit Three
Location(6676281873924096),Arena Pit Five
Location(6684012370198528),The Bay
Location(6685398327885824),Reward Room
Location(6687666936479744),Bloody Cavern
Location(6687875824877568),Glittering Cavern
Location(6689992051523584),River Rock Road
Location(6692708389224448),Orc Keep
Location(6693763795124224),Darkwood Trail
Location(6694401946681344),[CODE] Test Camps
Location(6696628299759616),Nors Plains
Location(6698542882357248),Cyrilla: Top Deck
Location(6699801475284992),Gaping Cave
Location(6708023485530112),High Road: Dense Forest
Location(6712913624563712),OBSOLETE Misty Forest
Location(6713268504625152),Old Mine
Location(6713737503571968),Spargus Arena
Location(6715206252363776),Debuff Instance End 8
Location(6716823511760896),Testing Chamber 04
Location(6719807435046912),Aseridith Fort East Beach
Location(6722752167280640),Goliath Gulch River
Location(6725892702732288),Hidden Passage
Location(6727923705053184),Arena Pit One
Location(6729009313873920),Mineshaft
Location(6729289851469824),Nomad Camp Perimeter
Location(6729726053318656),Gulchtop Overlook
Location(6730044487499776),Ferry
Location(6730589667852288),Obsidian Passageway
Location(6737764410720256),Dwarven Ruins
Location(6737975037657088),Sirian Guardtower Top
Location(6740904330133504),Troll Keep Hub
Location(6742305497677824),Atlas Trail Entrance
Location(6743743793463296),Arena Pit
Location(6748028989341696),Mineshaft
Location(6750705392025600),Aera Outpost
Location(6751859294863360),Mineshaft
Location(6752176053420032),Hidden Cave Entrance
Location(6753946298744832),Main Chamber